{
	"Dwarf"	: {
		"Low Light Vision" : "See in Low Light as if it were bright light.",
		"Stout Physique" : "Edge on Body Rolls"
	},
	"Elf": {
		"Keen Senses" : "Add D4 to Senses Roll",
		"Low Light Vision" : "See in Low Light as if it were bright light."
		
	},
	"Gnome" : {
		"Low Light Vision" : "See in Low Light as if it were bright light.",
		"Mechanical Mind" : "Edge on Mind Rolls",
		"Small Stature" : "Small creatures can Stride  5 spaces. Small creatures gain Cover when standing behind a Medium sized or larger creature."
	},
	"Halfun" : {
		"Vanish" : "Edge on Steath Rolls, enemies have Hinderance on Senses.",
		"Luck" : "As a Response add a D4 to any Roll.",
		"Small Stature" : "Small creatures can Stride  5 spaces. Small creatures gain Cover when standing behind a Medium sized or larger creature."
	},
	"Human" : {
		"Coordniated" : "Stride half speed on Manuevers without movement.",
		"Recuperative" : "Recover an additonal D4 when recovering HP"
	},
	"Orc" : {
		"Relentless" : "Once per long rest, when reduced to 0 HP reduced to 1 HP.",
		"Savage Blows" : "Adds weapon Perk that deals max weapon damage"
	}
}