{
	"Academic Citadel" :{
		"Description" : "The character was raised and educated in a citadel dedicated to the preservation of knowledge.",
		"Feature" : {
			"Name" : "Arcane Knack",
			"Description" : " The character knows the Dancing Light or Prestidigitation cantrip.",
			"Dropdown":[
				"Spell-Dancing Lights",
				"Spell-Prestidigitation"
			]
		}
	},
	"Cloistered" :{
		"Description" : "The character grows up in a closed community, possibly religious but not necessarily. It had limited contact with outsiders. The community has a society that represents it in the wider world.",
		"Feature" : {
			"Name" : "Secret Knowledge",
			"Description" : "The character knows the ins and outs of the society that they were cloistered with. Its rituals, its hierarchy, its secret ways. They also gain Expertise in Arcana, History, Religion, or other appropriate specialized knowledge.",
			"Dropdown":[
				"Expertise-Arcana",
				"Expertise-History",
				"Expertise-Religion"
			]
		}
	},
	"Fortress Mine" :{
		"Description" : "The character was raised in mining settlements within a mountain.",
		"Expertise" : {
			"Name" : "Stonekenning",
			"Description" : "The character has Expertise when making rolls involving stonework, its creation, destruction, or history."
		}
	},
	"Nomadic" :{
		"Description" : "The character was raised on the move and has Expertise in riding and maintaining Beasts",
		"Expertise" : {
			"Name" : "Beastmaster",
			"Description" : "The character is adept in the ways of training Beasts and commanding them. Training a Beast takes half as long."
		}
	},
	"Outlands" :{
		"Description" : "The character grew up in the wilds.",
		"Expertise" : {
			"Name": "Wilderness Survival",
			"Description" : "The character has Expertise in living off the land and knowing the cycles of nature."
		}
	},
	"Rural" :{
		"Description" : "The character grew up in a rural environment. They are experienced in subsistence farming and all the tasks required to survive.",
		"Expertise" : {
			"Name": "Disarming Personality",
			"Description" : "The character has a down home charm that gives them Expertise when convincing NPCs of the character’s friendliness and honesty."
		}
	},
	"Sylvan Glade" :{
		"Description" : "The character was raised in harmony with nature within the woods.",
		"Feature" : {
			"Name" : "Skilled Hunter",
			"Description" : "The character has Expertise in bows."
		},
		"Expertise" : {
			"Name": "Bows",
			"Description" : "The character has Expertise in bows."
		}
	},
	"Urban" :{
		"Description" : "The character grew up in an urban center.",
		"Feature" : {
			"Name" : "One of the crowd",
			"Description" : "The character can move  through crowds without penalty to movements."
		}
	}
}

