{
	"Apprentice" : {
		"Description" : "Apprentices have studied under a master of a craft and have standing within a guild for this craft.",
		"Dropdown" : [
			"Alchemy",
			"Blacksmithing",
			"Herbalism",
			"Trapsmithing",
			"Weaponsmithing"
		],
		"Expertise" : "{{Dropdown}}",
		"Equipment" : [
			"{{Dropdown}} Tools",
			"Ink Pen",
			"Clothing, Common ",
			"Waterskin"
		],
		"Coin" : 15		
	},
	"Athlete" : {
		"Description" : "Athletes have trained to push their body to its limits.",
		"Equipment" : [
			"Clothing, Common",
			"Rations",
			"Rations",
			"Rope, 50ft",
			"Tinderbox",
			"Torch",
			"Torch",
			"Torch",
			"Torch",
			"Torch",
			"Waterskin"
		],
		"Coin" : 10
	},
	"Charlatan" : {
		"Description" : "Charlatans are masters of creating identities and making others believe who they say they are.",
		"Equipment" : [
			"Clothing, Fine",
			"Ink Pen",
			"Scroll Case",
			"Sealing Wax",
			"Sheet of Paper",
			"Sheet of Paper",
			"Sheet of Paper",
			"Sheet of Paper",
			"Sheet of Paper",
			"Sheet of Paper",
			"Sheet of Paper",
			"Sheet of Paper",
			"Sheet of Paper",
			"Sheet of Paper",
			"Small knife",
			"Soap",
			"Vial of Ink"
		],
		"Coin" : 15
	},
	"Courtier" : {
		"Description" : "Courtiers know the ins and outs of high society, how to navigate it, and who the power brokers are.",
		"Equipment" : [
			"Clothing, Fine",
			"Ink Pen",
			"Scroll Case",
			"Sealing Wax",
			"Sheet of Paper",
			"Sheet of Paper",
			"Sheet of Paper",
			"Sheet of Paper",
			"Sheet of Paper",
			"Sheet of Paper",
			"Sheet of Paper",
			"Sheet of Paper",
			"Sheet of Paper",
			"Sheet of Paper",
			"Signet Ring",
			"Soap",
			"Vial of Ink"
		],
		"Coin" : 25
	},
	"Criminal" : {
		"Description" : "Criminals are denizens of the shadowy underworld. They know where to look for illicit dealings and can spot those who purvey them.",
		"Equipment" : [
			"Bedroll",
			"Clothing, Travel",
			"Flask of Oil",
			"Hooded Lantern",
			"Rope, 50ft",
			"Tinderbox",
			"Thieves Tools",
			"Waterskin"
		],
		"Coin" : 10
	},
	"Devotee" : {
		"Description" : "Devotees have studied under a series of teachers to gain Expertise within a field of study.",
		"Dropdown" : [
			"Arcana",
			"Nature",
			"Religion"
		],
		"Expertise" : "{{Dropdown}}",
		"Equipment" : [
			"Candles", "Candles","Candles","Candles","Candles","Candles","Candles","Candles","Candles","Candles",
			"Block of incense",
			"Censer",
			"Tinderbox",
			"Clothing, Vestments"
		],
		"Coin" : 10
	},
	"Entertainer" : {
		"Description" : "Entertainers are skilled in capturing attention and entertaining others.",
		"Equipment" : [
			"Bedroll",
			"Clothing, Costume",
			"Clothing, Fine",
			"Rations", "Rations",
			"Waterskin"
		],
		"Coin" : 15		
	},
	"Gladiator" : {
		"Description" : "Gladiators have spent their time in the pits surviving on their wits, skill, and ability to play to the crowd.",
		"Dropdown" : [
			"Club",
			"Crossbow",
			"Dagger",
			"Dart",
			"Battleaxe",
			"Flail",
			"Greatclub",
			"Glaive",
			"Greataxe",
			"Greatsword",
			"Handaxe",
			"Hand crossbow",
			"Halberd",
			"Javelin",
			"Lance",
			"Long bow",
			"Longsword",
			"Mace",
			"Maul",
			"Morningstar",
			"Pike",
			"Quarterstaff",
			"Rapier",
			"Scimitar",
			"Sickle",
			"Sling",
			"Spear",
			"Shortbow",
			"Shortsword",
			"Trident",
			"War pick",
			"War hammer",
			"Whip"
		],
		"Expertise" : "{{Dropdown}}",
		"Equipment" : [
			"{{Dropdown}}",
			"Bedroll",
			"Clothing, Travel",
			"Rope, 50ft",
			"Tent, 2 person",
			"Tinderbox",
			"Torch","Torch","Torch","Torch","Torch"
		],
		"Coin" : 20
	},
	"Highborn" : {
		"Description" : "Highborn are of the blood. It may be thin, but they are related to someone with a title or may be inline for that title and can call on that influence.",
		"Equipment" : [
			"Clothing, Fine",
			"Ink Pen",
			"Scroll Case",
			"Sealing Wax",
			"Sheet of Paper","Sheet of Paper","Sheet of Paper","Sheet of Paper","Sheet of Paper","Sheet of Paper","Sheet of Paper","Sheet of Paper","Sheet of Paper","Sheet of Paper",
			"Signet Ring",
			"Soap",
			"Vial of Ink"
		],
		"Coin" : 50
	},
	"Merchant" : {
		"Description" : "Merchants know the ways of trade, who is buying, who is selling, and where to find obscure things for sale.",
		"Equipment" : [
			"Clothing, Fine",
			"Ink Pen",
			"Rations", "Rations",
			"Scroll Case",
			"Sealing Wax",
			"Sheet of Paper","Sheet of Paper","Sheet of Paper","Sheet of Paper","Sheet of Paper","Sheet of Paper","Sheet of Paper","Sheet of Paper","Sheet of Paper","Sheet of Paper",
			"Small Scale",
			"Travelogue",
			"Vial of Ink",
			"Waterskin"
		],
		"Coin" : 20
	},
	"Rover" : {
		"Description" : "Rovers are well-traveled and versed in geography and trail signs. They have an innate sense of direction and can create paths to their destination even when there are none.",
		"Equipment" : [
			"Bedroll",
			"Chalk",
			"Clothing, Travel",
			"Rations","Rations","Rations","Rations","Rations",
			"Rope, 50ft",
			"Tent, 2 person",
			"Tinderbox",
			"Torch","Torch","Torch","Torch","Torch",
			"Travelogue",
			"Waterskin"
		],
		"Coin" : 10
	},
	"Sailor" : {
		"Description" : "Sailors are trained in knot work, sail tending, and other tasks required to sail.",
		"Equipment" : [
			"Bedroll",
			"Clothing, Common",
			"Mess Kit",
			"Rope, 50ft",
			"Tinderbox",
			"Torch","Torch","Torch","Torch","Torch"
		],
		"Coin" : 20
	},
	"Soldier" : {
		"Description" : "Soldiers are trained in both martial skills and to work together in combat. They have Expertise with one Weapon",
		"Dropdown" : [
			"Club",
			"Crossbow",
			"Dagger",
			"Dart",
			"Battleaxe",
			"Flail",
			"Greatclub",
			"Glaive",
			"Greataxe",
			"Greatsword",
			"Handaxe",
			"Hand crossbow",
			"Halberd",
			"Javelin",
			"Lance",
			"Long bow",
			"Longsword",
			"Mace",
			"Maul",
			"Morningstar",
			"Pike",
			"Quarterstaff",
			"Rapier",
			"Scimitar",
			"Sickle",
			"Sling",
			"Spear",
			"Shortbow",
			"Shortsword",
			"Trident",
			"War pick",
			"War hammer",
			"Whip"
		],
		"Expertise" : "{{Dropdown}}",
		"Equipment" : [
			"{{Dropdown}}",
			"Bedroll",
			"Clothing, Common",
			"Mess Kit",
			"Rations", "Rations", "Rations", "Rations", "Rations",
			"Rope, 50ft",
			"Tinderbox",
			"Torch","Torch","Torch","Torch","Torch",
			"Waterskin"
		],
		"Coin" : 20
	},
	"Urchin" : {
		"Description" : "Urchins automatically spot the ins and outs of any settlement, the blind spots, the places to hide, and what dangers it holds.",
		"Equipment" : [
			"Bedroll",
			"Clothing, Common",
			"Rations", "Rations",
			"Rope, 50ft",
			"Tinderbox",
			"Thieves Tool",
			"Waterskin"
		],
		"Coin" : 10
	}
}
